{"cameraMode":{"drawMode":0,"name":"Shaded","section":"Shading Mode"},"sceneLighting":false,"audioPlay":false,"sceneViewState":{"m_AlwaysRefresh":false,"showFog":true,"showSkybox":false,"showFlares":true,"showImageEffects":true,"showParticleSystems":true,"showVisualEffectGraphs":true,"m_FxEnabled":true},"in2DMode":false,"pivot":{"x":-51.80757141113281,"y":59.173194885253909,"z":136.42738342285157},"rotation":{"x":-0.08119422197341919,"y":0.025991152971982957,"z":-0.002292080083861947,"w":-0.9964302778244019},"size":50.34727478027344,"orthographic":false}