{"cameraMode":{"drawMode":0,"name":"Shaded","section":"Shading Mode"},"sceneLighting":false,"audioPlay":false,"sceneViewState":{"m_AlwaysRefresh":false,"showFog":true,"showSkybox":true,"showFlares":true,"showImageEffects":true,"showParticleSystems":true,"showVisualEffectGraphs":true,"m_FxEnabled":true},"in2DMode":false,"pivot":{"x":308.4576416015625,"y":275.0879821777344,"z":147.0860137939453},"rotation":{"x":-0.00031959355692379177,"y":-0.03990263119339943,"z":-0.00024240228231064975,"w":-0.9993011355400086},"size":310.20599365234377,"orthographic":false}