{"cameraMode":{"drawMode":0,"name":"Shaded","section":"Shading Mode"},"sceneLighting":false,"audioPlay":false,"sceneViewState":{"showFog":true,"showMaterialUpdate":false,"showSkybox":false,"showFlares":true,"showImageEffects":true,"showParticleSystems":true},"in2DMode":false,"pivot":{"x":-17.215801239013673,"y":-5.567340850830078,"z":23.140493392944337},"rotation":{"x":-0.15788298845291139,"y":0.42347395420074465,"z":-0.075288787484169,"w":-0.8889216184616089},"size":25.560821533203126,"orthographic":false}