{"cameraMode":{"drawMode":0,"name":"Shaded","section":"Shading Mode"},"sceneLighting":false,"audioPlay":false,"sceneViewState":{"showFog":true,"showMaterialUpdate":false,"showSkybox":false,"showFlares":true,"showImageEffects":true,"showParticleSystems":true},"in2DMode":false,"pivot":{"x":25.712373733520509,"y":72.94677734375,"z":138.4552459716797},"rotation":{"x":-0.07329362630844116,"y":0.7672520875930786,"z":-0.08934036642313004,"w":-0.6309455633163452},"size":44.52717208862305,"orthographic":false}