{"cameraMode":{"drawMode":0,"name":"Shaded","section":"Shading Mode"},"sceneLighting":false,"audioPlay":false,"sceneViewState":{"showFog":true,"showMaterialUpdate":false,"showSkybox":true,"showFlares":true,"showImageEffects":true,"showParticleSystems":true},"in2DMode":false,"pivot":{"x":-34.901214599609378,"y":120.6268081665039,"z":166.18177795410157},"rotation":{"x":-0.07849433273077011,"y":-0.17642842233181,"z":0.013986732810735703,"w":-0.981147825717926},"size":151.87579345703126,"orthographic":false}